{"cameraMode":{"drawMode":0,"name":"Shaded","section":"Shading Mode"},"sceneLighting":true,"audioPlay":false,"sceneViewState":{"showFog":true,"showMaterialUpdate":true,"showSkybox":false,"showFlares":true,"showImageEffects":true,"showParticleSystems":true},"in2DMode":false,"pivot":{"x":25.237878799438478,"y":-2.1025400161743166,"z":30.28677749633789},"rotation":{"x":-0.23911872506141663,"y":0.051833223551511767,"z":-0.012784997932612896,"w":-0.9695232510566711},"size":18.485107421875,"orthographic":false}